row_index,customer_id,timestamp,anomaly_type,anomaly_class,modified_columns,details
278,516510410563.0,2025-05-01 00:00:00,pf_manipulation,1,POWER_FACTOR_L3,phase=3
248,516510144205.0,2025-05-01 00:00:00,phase_loss,1,"VOLTAGE_L3,CURRENT_L3,ACTIVE_POWER_L3,REACTIVE_POWER_L3,APPARENT_POWER_L3",phase=3; residual=0.008
313,516510717078.0,2025-05-01 00:00:00,meter_defect_drift,1,"VOLTAGE_L1,VOLTAGE_L2,VOLTAGE_L3,CURRENT_L1,CURRENT_L2,CURRENT_L3,POWER_FACTOR_L1,POWER_FACTOR_L2,POWER_FACTOR_L3",factor=0.915
233,516510036124.0,2025-05-01 00:00:00,intermittent_theft,2,CURRENT_L1,phase=1; drop=0.432
41,516500174698.0,2025-05-01 00:00:00,current_bypass_theft,2,"CURRENT_L1,CURRENT_L2,CURRENT_L3",drop=0.693
294,516510506819.0,2025-05-01 00:00:00,pf_manipulation,1,POWER_FACTOR_L2,phase=2
498,516540198774.0,2025-05-01 00:00:00,voltage_imbalance,1,VOLTAGE_L3,phase=3; drop=0.158
465,516532295451.0,2025-05-01 00:00:00,voltage_imbalance,1,VOLTAGE_L2,phase=2; drop=0.142
217,516502195750.0,2025-05-01 00:00:00,current_bypass_theft,2,"CURRENT_L1,CURRENT_L2,CURRENT_L3",drop=0.548
161,516500839154.0,2025-05-01 00:00:00,intermittent_theft,2,CURRENT_L1,phase=1; drop=0.258
326,516520035173.0,2025-05-01 00:00:00,current_bypass_theft,2,"CURRENT_L1,CURRENT_L2,CURRENT_L3",drop=0.585
195,516501051666.0,2025-05-01 00:00:00,current_bypass_theft,2,"CURRENT_L1,CURRENT_L2,CURRENT_L3",drop=0.720
321,516520024284.0,2025-05-01 00:00:00,voltage_imbalance,1,VOLTAGE_L2,phase=2; drop=0.159
286,516510450934.0,2025-05-01 00:00:00,current_bypass_theft,2,"CURRENT_L1,CURRENT_L2,CURRENT_L3",drop=0.733
414,516530364789.0,2025-05-01 00:00:00,phase_loss,1,"VOLTAGE_L2,CURRENT_L2,ACTIVE_POWER_L2,REACTIVE_POWER_L2,APPARENT_POWER_L2",phase=2; residual=0.063
39,516500170457.0,2025-05-01 00:00:00,current_bypass_theft,2,"CURRENT_L1,CURRENT_L2,CURRENT_L3",drop=0.545
3,516500000161.0,2025-05-01 00:00:00,phase_loss,1,"VOLTAGE_L2,CURRENT_L2,ACTIVE_POWER_L2,REACTIVE_POWER_L2,APPARENT_POWER_L2",phase=2; residual=0.046
398,516530018053.0,2025-05-01 00:00:00,phase_loss,1,"VOLTAGE_L3,CURRENT_L3,ACTIVE_POWER_L3,REACTIVE_POWER_L3,APPARENT_POWER_L3",phase=3; residual=0.021
360,516520344340.0,2025-05-01 00:00:00,intermittent_theft,2,CURRENT_L2,phase=2; drop=0.376
196,516501051808.0,2025-05-01 00:00:00,current_bypass_theft,2,"CURRENT_L1,CURRENT_L2,CURRENT_L3",drop=0.681
85,516500415389.0,2025-05-01 00:00:00,meter_defect_drift,1,"VOLTAGE_L1,VOLTAGE_L2,VOLTAGE_L3,CURRENT_L1,CURRENT_L2,CURRENT_L3,POWER_FACTOR_L1,POWER_FACTOR_L2,POWER_FACTOR_L3",factor=1.047
387,516520631148.0,2025-05-01 00:00:00,current_bypass_theft,2,"CURRENT_L1,CURRENT_L2,CURRENT_L3",drop=0.619
386,516520624697.0,2025-05-01 00:00:00,intermittent_theft,2,CURRENT_L2,phase=2; drop=0.464
415,516530375557.0,2025-05-01 00:00:00,pf_manipulation,1,POWER_FACTOR_L3,phase=3
55,516500289455.0,2025-05-01 00:00:00,meter_defect_drift,1,"VOLTAGE_L1,VOLTAGE_L2,VOLTAGE_L3,CURRENT_L1,CURRENT_L2,CURRENT_L3,POWER_FACTOR_L1,POWER_FACTOR_L2,POWER_FACTOR_L3",factor=0.942
219,516502207786.0,2025-05-01 00:00:00,phase_loss,1,"VOLTAGE_L3,CURRENT_L3,ACTIVE_POWER_L3,REACTIVE_POWER_L3,APPARENT_POWER_L3",phase=3; residual=0.030
482,516532826968.0,2025-05-01 00:00:00,neutral_current_leakage,1,CURRENT_N,multiplier=3.578
478,516532747506.0,2025-05-01 00:00:00,intermittent_theft,2,CURRENT_L1,phase=1; drop=0.316
438,516530642278.0,2025-05-01 00:00:00,phase_loss,1,"VOLTAGE_L3,CURRENT_L3,ACTIVE_POWER_L3,REACTIVE_POWER_L3,APPARENT_POWER_L3",phase=3; residual=0.020
490,516532874155.0,2025-05-01 00:00:00,meter_defect_drift,1,"VOLTAGE_L1,VOLTAGE_L2,VOLTAGE_L3,CURRENT_L1,CURRENT_L2,CURRENT_L3,POWER_FACTOR_L1,POWER_FACTOR_L2,POWER_FACTOR_L3",factor=0.950
374,516520508562.0,2025-05-01 00:00:00,phase_loss,1,"VOLTAGE_L3,CURRENT_L3,ACTIVE_POWER_L3,REACTIVE_POWER_L3,APPARENT_POWER_L3",phase=3; residual=0.071
225,516510022403.0,2025-05-01 00:00:00,pf_manipulation,1,POWER_FACTOR_L3,phase=3
338,516520119978.0,2025-05-01 00:00:00,meter_defect_drift,1,"VOLTAGE_L1,VOLTAGE_L2,VOLTAGE_L3,CURRENT_L1,CURRENT_L2,CURRENT_L3,POWER_FACTOR_L1,POWER_FACTOR_L2,POWER_FACTOR_L3",factor=0.908
174,516500944923.0,2025-05-01 00:00:00,pf_manipulation,1,POWER_FACTOR_L2,phase=2
72,516500368359.0,2025-05-01 00:00:00,current_bypass_theft,2,"CURRENT_L1,CURRENT_L2,CURRENT_L3",drop=0.649
349,516520273217.0,2025-05-01 00:00:00,intermittent_theft,2,CURRENT_L2,phase=2; drop=0.575
63,516500322461.0,2025-05-01 00:00:00,intermittent_theft,2,CURRENT_L1,phase=1; drop=0.532
181,516500987510.0,2025-05-01 00:00:00,current_bypass_theft,2,"CURRENT_L1,CURRENT_L2,CURRENT_L3",drop=0.422
37,516500158275.0,2025-05-01 00:00:00,voltage_imbalance,1,VOLTAGE_L1,phase=1; drop=0.187
335,516520085543.0,2025-05-01 00:00:00,current_bypass_theft,2,"CURRENT_L1,CURRENT_L2,CURRENT_L3",drop=0.474
20,516500071930.0,2025-05-01 00:00:00,pf_manipulation,1,POWER_FACTOR_L1,phase=1
325,516520032773.0,2025-05-01 00:00:00,current_bypass_theft,2,"CURRENT_L1,CURRENT_L2,CURRENT_L3",drop=0.356
426,516530516223.0,2025-05-01 00:00:00,current_bypass_theft,2,"CURRENT_L1,CURRENT_L2,CURRENT_L3",drop=0.403
111,516500548003.0,2025-05-01 00:00:00,voltage_imbalance,1,VOLTAGE_L3,phase=3; drop=0.112
103,516500486687.0,2025-05-01 00:00:00,phase_loss,1,"VOLTAGE_L3,CURRENT_L3,ACTIVE_POWER_L3,REACTIVE_POWER_L3,APPARENT_POWER_L3",phase=3; residual=0.046
156,516500767532.0,2025-05-01 00:00:00,current_bypass_theft,2,"CURRENT_L1,CURRENT_L2,CURRENT_L3",drop=0.672
101,516500480140.0,2025-05-01 00:00:00,pf_manipulation,1,POWER_FACTOR_L3,phase=3
507,516540540286.0,2025-05-01 00:00:00,current_bypass_theft,2,"CURRENT_L1,CURRENT_L2,CURRENT_L3",drop=0.400
501,516540350812.0,2025-05-01 00:00:00,meter_defect_drift,1,"VOLTAGE_L1,VOLTAGE_L2,VOLTAGE_L3,CURRENT_L1,CURRENT_L2,CURRENT_L3,POWER_FACTOR_L1,POWER_FACTOR_L2,POWER_FACTOR_L3",factor=0.922
283,516510437298.0,2025-05-01 00:00:00,phase_loss,1,"VOLTAGE_L2,CURRENT_L2,ACTIVE_POWER_L2,REACTIVE_POWER_L2,APPARENT_POWER_L2",phase=2; residual=0.076
241,516510063202.0,2025-05-01 00:00:00,intermittent_theft,2,CURRENT_L2,phase=2; drop=0.570
122,516500613475.0,2025-05-01 00:00:00,current_bypass_theft,2,"CURRENT_L1,CURRENT_L2,CURRENT_L3",drop=0.572
28,516500132407.0,2025-05-01 00:00:00,voltage_imbalance,1,VOLTAGE_L3,phase=3; drop=0.114
405,516530107608.0,2025-05-01 00:00:00,intermittent_theft,2,CURRENT_L1,phase=1; drop=0.586
350,516520298457.0,2025-05-01 00:00:00,voltage_imbalance,1,VOLTAGE_L1,phase=1; drop=0.180
90,516500430111.0,2025-05-01 00:00:00,phase_loss,1,"VOLTAGE_L3,CURRENT_L3,ACTIVE_POWER_L3,REACTIVE_POWER_L3,APPARENT_POWER_L3",phase=3; residual=0.063
221,516510001827.0,2025-05-01 00:00:00,current_bypass_theft,2,"CURRENT_L1,CURRENT_L2,CURRENT_L3",drop=0.394
323,516520031373.0,2025-05-01 00:00:00,neutral_current_leakage,1,CURRENT_N,multiplier=3.553
407,516530149936.0,2025-05-01 00:00:00,current_bypass_theft,2,"CURRENT_L1,CURRENT_L2,CURRENT_L3",drop=0.562
361,516520352422.0,2025-05-01 00:00:00,voltage_imbalance,1,VOLTAGE_L3,phase=3; drop=0.160
428,516530518618.0,2025-05-01 00:00:00,intermittent_theft,2,CURRENT_L3,phase=3; drop=0.350
385,516520586281.0,2025-05-01 00:00:00,phase_loss,1,"VOLTAGE_L1,CURRENT_L1,ACTIVE_POWER_L1,REACTIVE_POWER_L1,APPARENT_POWER_L1",phase=1; residual=0.069
147,516500718521.0,2025-05-01 00:00:00,phase_loss,1,"VOLTAGE_L2,CURRENT_L2,ACTIVE_POWER_L2,REACTIVE_POWER_L2,APPARENT_POWER_L2",phase=2; residual=0.020
462,516532235751.0,2025-05-01 00:00:00,current_bypass_theft,2,"CURRENT_L1,CURRENT_L2,CURRENT_L3",drop=0.648
177,516500970285.0,2025-05-01 00:00:00,neutral_current_leakage,1,CURRENT_N,multiplier=2.032
363,516520361602.0,2025-05-01 00:00:00,current_bypass_theft,2,"CURRENT_L1,CURRENT_L2,CURRENT_L3",drop=0.588
307,516510654117.0,2025-05-01 00:00:00,current_bypass_theft,2,"CURRENT_L1,CURRENT_L2,CURRENT_L3",drop=0.680
435,516530609477.0,2025-05-01 00:00:00,intermittent_theft,2,CURRENT_L3,phase=3; drop=0.568
200,516501096033.0,2025-05-01 00:00:00,current_bypass_theft,2,"CURRENT_L1,CURRENT_L2,CURRENT_L3",drop=0.464
343,516520218455.0,2025-05-01 00:00:00,current_bypass_theft,2,"CURRENT_L1,CURRENT_L2,CURRENT_L3",drop=0.396
272,516510316138.0,2025-05-01 00:00:00,current_bypass_theft,2,"CURRENT_L1,CURRENT_L2,CURRENT_L3",drop=0.372
457,516532157628.0,2025-05-01 00:00:00,current_bypass_theft,2,"CURRENT_L1,CURRENT_L2,CURRENT_L3",drop=0.371
419,516530452298.0,2025-05-01 00:00:00,voltage_imbalance,1,VOLTAGE_L1,phase=1; drop=0.168
48,516500218987.0,2025-05-01 00:00:00,intermittent_theft,2,CURRENT_L3,phase=3; drop=0.402
345,516520220925.0,2025-05-01 00:00:00,neutral_current_leakage,1,CURRENT_N,multiplier=3.672
416,516530388969.0,2025-05-01 00:00:00,current_bypass_theft,2,"CURRENT_L1,CURRENT_L2,CURRENT_L3",drop=0.423
320,516520024268.0,2025-05-01 00:00:00,current_bypass_theft,2,"CURRENT_L1,CURRENT_L2,CURRENT_L3",drop=0.450
31,516500141135.0,2025-05-01 00:00:00,voltage_imbalance,1,VOLTAGE_L1,phase=1; drop=0.142
353,516520298806.0,2025-05-01 00:00:00,current_bypass_theft,2,"CURRENT_L1,CURRENT_L2,CURRENT_L3",drop=0.499
446,516530973007.0,2025-05-01 00:00:00,phase_loss,1,"VOLTAGE_L3,CURRENT_L3,ACTIVE_POWER_L3,REACTIVE_POWER_L3,APPARENT_POWER_L3",phase=3; residual=0.067
354,516520298814.0,2025-05-01 00:00:00,current_bypass_theft,2,"CURRENT_L1,CURRENT_L2,CURRENT_L3",drop=0.720
36,516500157017.0,2025-05-01 00:00:00,current_bypass_theft,2,"CURRENT_L1,CURRENT_L2,CURRENT_L3",drop=0.687
205,516502003989.0,2025-05-01 00:00:00,meter_defect_drift,1,"VOLTAGE_L1,VOLTAGE_L2,VOLTAGE_L3,CURRENT_L1,CURRENT_L2,CURRENT_L3,POWER_FACTOR_L1,POWER_FACTOR_L2,POWER_FACTOR_L3",factor=1.148
92,516500433279.0,2025-05-01 00:00:00,pf_manipulation,1,POWER_FACTOR_L1,phase=1
75,516500370533.0,2025-05-01 00:00:00,pf_manipulation,1,POWER_FACTOR_L3,phase=3
257,516510210829.0,2025-05-01 00:00:00,phase_loss,1,"VOLTAGE_L1,CURRENT_L1,ACTIVE_POWER_L1,REACTIVE_POWER_L1,APPARENT_POWER_L1",phase=1; residual=0.069
351,516520298465.0,2025-05-01 00:00:00,phase_loss,1,"VOLTAGE_L3,CURRENT_L3,ACTIVE_POWER_L3,REACTIVE_POWER_L3,APPARENT_POWER_L3",phase=3; residual=0.051
125,516500620410.0,2025-05-01 00:00:00,intermittent_theft,2,CURRENT_L2,phase=2; drop=0.256
223,516510010027.0,2025-05-01 00:00:00,phase_loss,1,"VOLTAGE_L1,CURRENT_L1,ACTIVE_POWER_L1,REACTIVE_POWER_L1,APPARENT_POWER_L1",phase=1; residual=0.019
79,516500376943.0,2025-05-01 00:00:00,intermittent_theft,2,CURRENT_L2,phase=2; drop=0.347
314,516510719924.0,2025-05-01 00:00:00,intermittent_theft,2,CURRENT_L2,phase=2; drop=0.474
183,516500992828.0,2025-05-01 00:00:00,intermittent_theft,2,CURRENT_L2,phase=2; drop=0.580
169,516500931830.0,2025-05-01 00:00:00,meter_defect_drift,1,"VOLTAGE_L1,VOLTAGE_L2,VOLTAGE_L3,CURRENT_L1,CURRENT_L2,CURRENT_L3,POWER_FACTOR_L1,POWER_FACTOR_L2,POWER_FACTOR_L3",factor=0.912
71,516500365870.0,2025-05-01 00:00:00,phase_loss,1,"VOLTAGE_L3,CURRENT_L3,ACTIVE_POWER_L3,REACTIVE_POWER_L3,APPARENT_POWER_L3",phase=3; residual=0.052
162,516500839440.0,2025-05-01 00:00:00,neutral_current_leakage,1,CURRENT_N,multiplier=2.972
218,516502196640.0,2025-05-01 00:00:00,voltage_imbalance,1,VOLTAGE_L3,phase=3; drop=0.129
489,516532870242.0,2025-05-01 00:00:00,pf_manipulation,1,POWER_FACTOR_L1,phase=1
441,516530726165.0,2025-05-01 00:00:00,neutral_current_leakage,1,CURRENT_N,multiplier=2.091
227,516510030663.0,2025-05-01 00:00:00,voltage_imbalance,1,VOLTAGE_L1,phase=1; drop=0.110
412,516530345463.0,2025-05-01 00:00:00,pf_manipulation,1,POWER_FACTOR_L2,phase=2
178,516500973034.0,2025-05-01 00:00:00,current_bypass_theft,2,"CURRENT_L1,CURRENT_L2,CURRENT_L3",drop=0.734
330,516520039069.0,2025-05-01 00:00:00,neutral_current_leakage,1,CURRENT_N,multiplier=3.106
216,516502191091.0,2025-05-01 00:00:00,neutral_current_leakage,1,CURRENT_N,multiplier=3.549
496,516540150348.0,2025-05-01 00:00:00,meter_defect_drift,1,"VOLTAGE_L1,VOLTAGE_L2,VOLTAGE_L3,CURRENT_L1,CURRENT_L2,CURRENT_L3,POWER_FACTOR_L1,POWER_FACTOR_L2,POWER_FACTOR_L3",factor=1.060
